{
"lengthUnit": "mil",
"components": {
	"fields": ["COMPONENT_NO", "COMPONENT_NAME", "LAYER", "X_COORDINATE", "Y_COORDINATE", "ANGLE"],
	"rows": [
		[1, "C1", "T", 393.7, 708.66, 180],
		[2, "C2", "T", 393.7, 472.44, 180],
		[3, "C3", "T", 787.4, 610.24, 90],
		[4, "J1", "T", 133.86, 590.55, 270],
		[5, "J2", "T", 1027.56, 590.55, 90],
		[6, "LED1", "T", 570.87, 610.24, 270],
		[7, "MH1", "T", 196.85, 196.85, 0],
		[8, "MH2", "T", 984.25, 196.85, 0],
		[9, "MH3", "T", 984.25, 984.25, 0],
		[10, "MH4", "T", 196.85, 984.25, 0],
		[11, "R1", "T", 649.61, 610.24, 90],
		[12, "R2", "T", 393.7, 551.18, 180],
		[13, "R3", "T", 393.7, 629.92, 180]
	]
},
"pins": {
	"fields": ["PIN_NO", "PIN_NAME", "PIN_X", "PIN_Y", "LAYER", "PIN_TYPE", "NET_NAME", "NET_TYPE", "PAD_SHAPE", "PAD_SIZEX", "PAD_SIZEY", "HOLE_SIZE", "PAD_ANGLE"],
	"rows": [
		[1, "C1_1", 433.07, 708.66, "T", "SMD", "GND", "GND", "R", 55.51, 53.15, 0, 180],
		[2, "C1_2", 354.33, 708.66, "T", "SMD", "+5V", "", "R", 55.51, 53.15, 0, 180],
		[3, "C2_1", 433.07, 472.44, "T", "SMD", "GND", "GND", "R", 55.51, 53.15, 0, 180],
		[4, "C2_2", 354.33, 472.44, "T", "SMD", "+5V", "", "R", 55.51, 53.15, 0, 180],
		[5, "C3_1", 787.4, 570.87, "T", "SMD", "GND", "GND", "R", 55.51, 53.15, 0, 90],
		[6, "C3_2", 787.4, 649.61, "T", "SMD", "+5V", "", "R", 55.51, 53.15, 0, 90],
		[7, "J1_7", 54.13, 420.48, "T", "DIP", "GND", "GND", "O", 43.31, 66.93, 47.24, 270],
		[8, "J1_7", 54.13, 420.48, "B", "DIP", "GND", "GND", "O", 43.31, 66.93, 47.24, 270],
		[9, "J1_7", 54.13, 760.63, "T", "DIP", "GND", "GND", "O", 43.31, 66.93, 47.24, 270],
		[10, "J1_7", 54.13, 760.63, "B", "DIP", "GND", "GND", "O", 43.31, 66.93, 47.24, 270],
		[11, "J1_7", 203.74, 420.48, "T", "DIP", "GND", "GND", "O", 43.31, 66.93, 47.24, 270],
		[12, "J1_7", 203.74, 420.48, "B", "DIP", "GND", "GND", "O", 43.31, 66.93, 47.24, 270],
		[13, "J1_7", 203.74, 760.63, "T", "DIP", "GND", "GND", "O", 43.31, 66.93, 47.24, 270],
		[14, "J1_7", 203.74, 760.63, "B", "DIP", "GND", "GND", "O", 43.31, 66.93, 47.24, 270],
		[15, "J1_A12", 213.58, 484.26, "T", "SMD", "GND", "GND", "R", 31.5, 47.24, 0, 270],
		[16, "J1_A5", 213.58, 610.24, "T", "SMD", "CC1", "", "R", 27.56, 47.24, 0, 270],
		[17, "J1_A9", 213.58, 531.5, "T", "SMD", "+5V", "", "R", 27.56, 47.24, 0, 270],
		[18, "J1_B12", 213.58, 696.85, "T", "SMD", "GND", "GND", "R", 31.5, 47.24, 0, 270],
		[19, "J1_B5", 213.58, 570.87, "T", "SMD", "CC2", "", "R", 27.56, 47.24, 0, 270],
		[20, "J1_B9", 213.58, 649.61, "T", "SMD", "+5V", "", "R", 27.56, 47.24, 0, 270],
		[21, "J2_1", 1027.56, 490.55, "T", "DIP", "GND", "GND", "R", 86.61, 86.61, 59.06, 90],
		[22, "J2_1", 1027.56, 490.55, "B", "DIP", "GND", "GND", "R", 86.61, 86.61, 59.06, 90],
		[23, "J2_2", 1027.56, 690.55, "T", "DIP", "+5V", "", "C", 86.61, 86.61, 59.06, 90],
		[24, "J2_2", 1027.56, 690.55, "B", "DIP", "+5V", "", "C", 86.61, 86.61, 59.06, 90],
		[25, "LED1_1", 570.87, 568.89, "T", "SMD", "DIODE", "", "R", 39.37, 55.1, 0, 90],
		[26, "LED1_2", 570.87, 651.59, "T", "SMD", "GND", "GND", "R", 39.37, 55.1, 0, 90],
		[27, "MH1_1", 196.85, 196.85, "T", "DIP", "GND", "GND", "C", 295.28, 295.28, 106.3, 0],
		[28, "MH1_1", 196.85, 196.85, "B", "DIP", "GND", "GND", "C", 295.28, 295.28, 106.3, 0],
		[29, "MH2_1", 984.25, 196.85, "T", "DIP", "GND", "GND", "C", 295.28, 295.28, 106.3, 0],
		[30, "MH2_1", 984.25, 196.85, "B", "DIP", "GND", "GND", "C", 295.28, 295.28, 106.3, 0],
		[31, "MH3_1", 984.25, 984.25, "T", "DIP", "GND", "GND", "C", 295.28, 295.28, 106.3, 0],
		[32, "MH3_1", 984.25, 984.25, "B", "DIP", "GND", "GND", "C", 295.28, 295.28, 106.3, 0],
		[33, "MH4_1", 196.85, 984.25, "T", "DIP", "GND", "GND", "C", 295.28, 295.28, 106.3, 0],
		[34, "MH4_1", 196.85, 984.25, "B", "DIP", "GND", "GND", "C", 295.28, 295.28, 106.3, 0],
		[35, "R1_1", 649.61, 570.87, "T", "SMD", "DIODE", "", "R", 44.59, 54.21, 0, 90],
		[36, "R1_2", 649.61, 649.61, "T", "SMD", "+5V", "", "R", 44.59, 54.21, 0, 90],
		[37, "R2_1", 433.07, 551.18, "T", "SMD", "GND", "GND", "R", 44.59, 54.21, 0, 180],
		[38, "R2_2", 354.33, 551.18, "T", "SMD", "CC2", "", "R", 44.59, 54.21, 0, 180],
		[39, "R3_1", 433.07, 629.92, "T", "SMD", "GND", "GND", "R", 44.59, 54.21, 0, 180],
		[40, "R3_2", 354.33, 629.92, "T", "SMD", "CC1", "", "R", 44.59, 54.21, 0, 180]
	]
}
}